,Michael Jackson,Clint Black,Dropdead,Anti-Cimex,Cardi B,F1,F2
Alfred,3.0,4.0,,4.0,4.0,-4.427435722413818,-1.5878200306584216
Mandy,,9.0,,3.0,8.0,-9.01970953069711,-3.437907837733282
Lenny,2.0,5.0,8.0,9.0,,-1.0157130756493928,-0.9360566162923103
Joan,3.0,,9.0,4.0,9.0,-0.9329231134423271,-5.595790621225457
Tino,1.0,1.0,,9.0,5.0,-2.538132557337964,-0.0437830504981492
