,Alfred,Mandy,Lenny,Joan,Tino,F1,F2
Michael Jackson,3.0,,2.0,3.0,1.0,0.16405952881722974,0.24803718448721174
Clint Black,4.0,9.0,5.0,,1.0,-0.20766573249450915,1.4210807527055707
Dropdead,,,8.0,9.0,,0.8823554747593323,0.43607160527189676
Anti-Cimex,4.0,3.0,9.0,4.0,9.0,1.5699982522767928,-0.4292040979448461
Cardi B,4.0,8.0,,9.0,5.0,0.5700413901506549,0.6704513775955668
